FileID,FileName,From,To,Date,Remarks
SF113,filename,finance,ceo,2025-04-16 12:36:42,loan
SF121,uiop,finance,ceo,2025-04-18 14:18:01,remarks
SF122,qwerty,finance,ceo,2025-04-18 14:55:00,remarks
SF137,Mareting sales,fimance,ceo,gsoffice,2025-04-22 09:49:06,loan purpose
File139,FileName139,marketing,ceo,gso,2025-04-22 09:57:33,eremarks
File140,Filename140,finance,ceo,gso,2025-04-22 10:01:32,emarks
ie141,FuileName141,finance,ceo,gs,2025-04-22 10:09:30,remarks
File143,FileName143,finace,ceo,gso,2025-04-22 10:17:11,remarks
file1344,FileName1344,marketing,ceo,gso,2025-04-22 10:32:31,reamrks
File144,FileName144,amrkering,ceo,gs,2025-04-22 10:44:22,remarjs
file235,fileName235,marketig,finance,gso,2025-04-22 11:48:24,remarks
File138,FileName138,gfinance,ceo,gso,2025-04-22 14:42:10,remm
file149,FileNo149,majjbbbbb,receievr,effggg,2025-04-22 15:48:09,fdgfff
